[
    {
        "descrizione": "Fatturato Senza Codici ATD-ALX-EB-AMZ (€)",
        "valore": 117326.0
    },
    {
        "descrizione": "Fatturato Codice ATD (€) ESCLUSO IVA",
        "valore": 265.0
    },
    {
        "descrizione": "Fatturato Codice ALX (€) ESCLUSO IVA",
        "valore": 873.0
    },
    {
        "descrizione": "Fatturato Codice EB (€) ESCLUSO IVA",
        "valore": 1593.0
    },
    {
        "descrizione": "Fatturato Codice AMZ (€) ESCLUSO IVA",
        "valore": 116.0
    },
    {
        "descrizione": "Fatturato netto (scorporato di IVA)",
        "valore": 96168.85246
    },
    {
        "descrizione": "Fatturato Netto Senza Codici Speciali (€) (scorporato di IVA)",
        "valore": 93321.85246
    },
    {
        "descrizione": "Totale Royalties (2% del Fatturato Netto) (€)",
        "valore": 1866.437049
    },
    {
        "descrizione": "Fatturato Codici ATD-ALX-EB-AMZ Netto (€) (scorporato di IVA)",
        "valore": 2847.0
    },
    {
        "descrizione": "Totale Royalties Codici Speciali (10% del Fatturato Netto) (€)",
        "valore": 284.7
    },
    {
        "descrizione": "aliquota iva",
        "valore": 0.22
    },
    {
        "descrizione": "totale royalties",
        "valore": 2151.137049
    },
    {
        "descrizione": "PAGATO",
        "valore": 0.0
    },
    {
        "descrizione": "RIMANENTE",
        "valore": 2151.137049
    }
]